00000002 Ether (20 Gwei), 0x958a9ea4e3c79e1786e9c33f96a4f659c582d1996384c74116451d76363a97d6
00000002 Ether (20 Gwei), 0xff2a949b6a7822139e017c1519b9fdd0263a8cfcceca49d16c76bccd9ab29c87
00000002 Ether (20 Gwei), 0x550ddb7632ccbe72ba1dfe441169e2457ab8984ea3ca07441725a6c8ee0f878c
00000002 Ether (20 Gwei), 0x149508d3ce3aecf6e00008e045b9e9ca9b51699ad51ee489c6a549d69840e90d
00000002 Ether (20 Gwei), 0x35c72a399d77d26d4bc91ffd44b6ffd20d1b6741638a6e4809ea3251622e21c0
00000002 Ether (20 Gwei), 0x000c4ba369c7089301052969e6391bd10f12426fb162b5b857f5e4efda9cd344
00000002 Ether (20 Gwei), 0x9a89e9b07c74a8b93ce8f7d1736a04f7a1cb5e753dadcb039ec8d9c08d2ca3b4
00000002 Ether (20 Gwei), 0x64c7c9475a42ffcc0785823af542ffc14033bb5d242ade6ae1298c1730abb132
00000002 Ether (20 Gwei), 0xd613c8f6214e0282cc49a1eb4ec7e37f96e3ae6511a979201977d87164fbcd4b
00000002 Ether (20 Gwei), 0x9b5a4ef5cacd66ee09434a14ec164824bfca54a56332f676aca81c1492f39a20
00000002 Ether (20 Gwei), 0x256b5b02acfde0c77e125ef32ad4107d7cc2474cec3bda9b067fa99ce6e80af4
00000002 Ether (20 Gwei), 0xab9ef1881c2a595d4073abce8e4b0117976792c9356704664278facdbfef7a85
00000002 Ether (20 Gwei), 0xf21488409db1ae0028af2c58718f821214d20fa8616a16d3f3059c095f9b8af3
00000002 Ether (20 Gwei), 0x82b07b0d61b3d24b9ba300bf436964e5534c3d966085dffce028e448b1a5ed1a
00000002 Ether (20 Gwei), 0x027f2672100a3e11f04ee0ca2e0ae521b89851c5e4f1262f4dce17f3e25c5573
00000002 Ether (20 Gwei), 0xcf8904b334a592eaf1fa75402853da37590acb496d6e3eac2b97a7d046991f99
00000002 Ether (20 Gwei), 0x576085cac0ad874b170f37fda8de45f9756fd6de1547c66985dce0b098b4ae6b
00000002 Ether (20 Gwei), 0x8e000cfdd2be8f68d8ece4943a46326a88428e7b5a8ff49138fb1a1849cedc0c
00000002 Ether (20 Gwei), 0x3439f01dcde45d2f3a53df51cbcfbf2204c0fbe2dd76c43ed1c41a3ebf1e85c8
00000002 Ether (20 Gwei), 0x80415fb4c37fac59d4643c4d04c4324192df641d5bfd860e13b22c1ca3f2e783
00000002 Ether (20 Gwei), 0x747c077a38b0be87741ce87e8ebb0855dceaaa415401096639b9ce1d4223ec37
00000002 Ether (20 Gwei), 0x4b8cdbe9860f1cca5fcc81beeeae51b605cd6e96aa383ed1e9efda5b817cdea4
00000002 Ether (20 Gwei), 0xb89363e9948bbbe1d610bd2c8cff83ac44071e6b8143d56274721b808ede534b
00000002 Ether (20 Gwei), 0x21f90d6550238b633a8e857e00046f827a91fce40a8aab27bf7ddcd669bdd912
00000002 Ether (20 Gwei), 0x6bc77ad9224eebdd78345d25217c010d2126dbe6ecd46bd289a8b458d2b7931a
00000002 Ether (20 Gwei), 0xd95d6b24dda5bd3846acc8be72e6f9e166e6c03eb05ed029f34d6bf1d141663c
00000002 Ether (20 Gwei), 0x2d55ecda37c4638cd6abb21a3f6655cc76e7ec659018e51f9704054a4bc2b18c
00000002 Ether (20 Gwei), 0x468774179ea4b6e378ef6575bf3bcd6e8cbf8c8d74d56828834f4b9736e7273c
00000002 Ether (20 Gwei), 0x5fedac888b5a288192a02ec958ff6ee02b5fbeb11374ff033dd14422dab51f27
00000002 Ether (20 Gwei), 0x610376718651870245eb30d05e4a118e2aceff6d2af8a4543fbfcecb84d0ab09
00000002 Ether (20 Gwei), 0xd07f8a8c7b320cdc3778f015a9a28d10162f930bfb2a0d36b4bccab451cce07a
00000002 Ether (20 Gwei), 0x0e332db29679e420fd87bbe8438cdf31b470ea46fbe020d8f68e092d9bb8d48c
00000002 Ether (20 Gwei), 0xfc736c7b3089b2e70527f7e9f6bd4c8a7a19e3ed1e34e6570a129f0af6a25ba5
00000002 Ether (20 Gwei), 0x0760c80c8c5514b671429f1c6a710f4b8381a9c9f8b00681d62cf83b4567f230
00000002 Ether (20 Gwei), 0xf4519f3ea4e5aa77902d6ec77384eabb9f7bbd20116a342fd59dbf7071d822b9
00000002 Ether (20 Gwei), 0xf28c09f160758c6bb30ef6cf571bac5965da0a6b620d979e8a486adbedfdd0ca
00000002 Ether (20 Gwei), 0x5d8c0ad81c2a72b43cc79dbecf618b294602b25feaec0f2fa06bbd8aca303a9c
00000002 Ether (20 Gwei), 0xe3b19e3a4731d7999f34bb512493560015cea4f4b5daa37fee649387297c147c
00000002 Ether (20 Gwei), 0xf54a11eca530a0e6fa0bf2188568e143f447f017ebf30dd813904db4f54f1bca
00000002 Ether (20 Gwei), 0x995661e7dfb39704306c7c2c603c47d11c4ece14989fd080334f917ddd7e08fd
00000002 Ether (20 Gwei), 0x38a54ab86acd3f9f9ba5784ab8966fd39ccfa3ea741a207c0f6c027f3068571a
00000002 Ether (20 Gwei), 0xbdbdf0b460262f68902fca80e5c5ad5d1da22c95930900fbba5cd16e46e59929
000000018 Ether (18 Gwei), 0xe2bebaa532ef4518da0a80335dcc5487cfd7440574ff49a671baa37fb613643a
000000018 Ether (18 Gwei), 0x50eca9dad292da941c1b2a2bbb37460688ae695eba2cb98bf6143e49882a8e46
000000018 Ether (18 Gwei), 0x404f7d96add1c763087e9e7d2ff2eb783592bceaa53f8c7dafd3f3799344048c
000000018 Ether (18 Gwei), 0x3f1dadfff4ed7cb18aafd371ced40b48f503f1f8daf2c05ad8c46d060117d36f
000000018 Ether (18 Gwei), 0xff8e3f056cf9b14839d88151e765e83747b589d48d1731a9102492f2d50bdbf0
000000018 Ether (18 Gwei), 0xbcef1f9ce384a22e189b7dde21d969e1c0e6cccea7b22f4c58dfd7dbd1666149
000000018 Ether (18 Gwei), 0x56fa790a51719b771bb11d32ba4a2deb4d2d240d4320969ee5e04fd8f4329ccb
000000018 Ether (18 Gwei), 0x8fc7a18605102697fc11d8bf519a102e42b0d8a01fdc7df4fe4ce7f257d246e4
00000002 Ether (20 Gwei), 0x958a9ea4e3c79e1786e9c33f96a4f659c582d1996384c74116451d76363a97d6
00000002 Ether (20 Gwei), 0xff2a949b6a7822139e017c1519b9fdd0263a8cfcceca49d16c76bccd9ab29c87
00000002 Ether (20 Gwei), 0x550ddb7632ccbe72ba1dfe441169e2457ab8984ea3ca07441725a6c8ee0f878c
00000002 Ether (20 Gwei), 0x149508d3ce3aecf6e00008e045b9e9ca9b51699ad51ee489c6a549d69840e90d
00000002 Ether (20 Gwei), 0x35c72a399d77d26d4bc91ffd44b6ffd20d1b6741638a6e4809ea3251622e21c0
00000002 Ether (20 Gwei), 0x000c4ba369c7089301052969e6391bd10f12426fb162b5b857f5e4efda9cd344
00000002 Ether (20 Gwei), 0x9a89e9b07c74a8b93ce8f7d1736a04f7a1cb5e753dadcb039ec8d9c08d2ca3b4
00000002 Ether (20 Gwei), 0x64c7c9475a42ffcc0785823af542ffc14033bb5d242ade6ae1298c1730abb132
00000002 Ether (20 Gwei), 0xd613c8f6214e0282cc49a1eb4ec7e37f96e3ae6511a979201977d87164fbcd4b
00000002 Ether (20 Gwei), 0x9b5a4ef5cacd66ee09434a14ec164824bfca54a56332f676aca81c1492f39a20
00000002 Ether (20 Gwei), 0x256b5b02acfde0c77e125ef32ad4107d7cc2474cec3bda9b067fa99ce6e80af4
00000002 Ether (20 Gwei), 0xab9ef1881c2a595d4073abce8e4b0117976792c9356704664278facdbfef7a85
00000002 Ether (20 Gwei), 0xf21488409db1ae0028af2c58718f821214d20fa8616a16d3f3059c095f9b8af3
00000002 Ether (20 Gwei), 0x82b07b0d61b3d24b9ba300bf436964e5534c3d966085dffce028e448b1a5ed1a
00000002 Ether (20 Gwei), 0x027f2672100a3e11f04ee0ca2e0ae521b89851c5e4f1262f4dce17f3e25c5573
00000002 Ether (20 Gwei), 0xcf8904b334a592eaf1fa75402853da37590acb496d6e3eac2b97a7d046991f99
00000002 Ether (20 Gwei), 0x576085cac0ad874b170f37fda8de45f9756fd6de1547c66985dce0b098b4ae6b
00000002 Ether (20 Gwei), 0x8e000cfdd2be8f68d8ece4943a46326a88428e7b5a8ff49138fb1a1849cedc0c
00000002 Ether (20 Gwei), 0x3439f01dcde45d2f3a53df51cbcfbf2204c0fbe2dd76c43ed1c41a3ebf1e85c8
00000002 Ether (20 Gwei), 0x80415fb4c37fac59d4643c4d04c4324192df641d5bfd860e13b22c1ca3f2e783
00000002 Ether (20 Gwei), 0x747c077a38b0be87741ce87e8ebb0855dceaaa415401096639b9ce1d4223ec37
00000002 Ether (20 Gwei), 0x4b8cdbe9860f1cca5fcc81beeeae51b605cd6e96aa383ed1e9efda5b817cdea4
00000002 Ether (20 Gwei), 0xb89363e9948bbbe1d610bd2c8cff83ac44071e6b8143d56274721b808ede534b
00000002 Ether (20 Gwei), 0x21f90d6550238b633a8e857e00046f827a91fce40a8aab27bf7ddcd669bdd912
00000002 Ether (20 Gwei), 0x6bc77ad9224eebdd78345d25217c010d2126dbe6ecd46bd289a8b458d2b7931a
00000002 Ether (20 Gwei), 0xd95d6b24dda5bd3846acc8be72e6f9e166e6c03eb05ed029f34d6bf1d141663c
00000002 Ether (20 Gwei), 0x2d55ecda37c4638cd6abb21a3f6655cc76e7ec659018e51f9704054a4bc2b18c
00000002 Ether (20 Gwei), 0x468774179ea4b6e378ef6575bf3bcd6e8cbf8c8d74d56828834f4b9736e7273c
00000002 Ether (20 Gwei), 0x5fedac888b5a288192a02ec958ff6ee02b5fbeb11374ff033dd14422dab51f27
00000002 Ether (20 Gwei), 0x610376718651870245eb30d05e4a118e2aceff6d2af8a4543fbfcecb84d0ab09
00000002 Ether (20 Gwei), 0xd07f8a8c7b320cdc3778f015a9a28d10162f930bfb2a0d36b4bccab451cce07a
00000002 Ether (20 Gwei), 0x0e332db29679e420fd87bbe8438cdf31b470ea46fbe020d8f68e092d9bb8d48c
00000002 Ether (20 Gwei), 0xfc736c7b3089b2e70527f7e9f6bd4c8a7a19e3ed1e34e6570a129f0af6a25ba5
00000002 Ether (20 Gwei), 0x0760c80c8c5514b671429f1c6a710f4b8381a9c9f8b00681d62cf83b4567f230
00000002 Ether (20 Gwei), 0xf4519f3ea4e5aa77902d6ec77384eabb9f7bbd20116a342fd59dbf7071d822b9
00000002 Ether (20 Gwei), 0xf28c09f160758c6bb30ef6cf571bac5965da0a6b620d979e8a486adbedfdd0ca
00000002 Ether (20 Gwei), 0x5d8c0ad81c2a72b43cc79dbecf618b294602b25feaec0f2fa06bbd8aca303a9c
00000002 Ether (20 Gwei), 0xe3b19e3a4731d7999f34bb512493560015cea4f4b5daa37fee649387297c147c
00000002 Ether (20 Gwei), 0xf54a11eca530a0e6fa0bf2188568e143f447f017ebf30dd813904db4f54f1bca
00000002 Ether (20 Gwei), 0x995661e7dfb39704306c7c2c603c47d11c4ece14989fd080334f917ddd7e08fd
00000002 Ether (20 Gwei), 0x38a54ab86acd3f9f9ba5784ab8966fd39ccfa3ea741a207c0f6c027f3068571a
00000002 Ether (20 Gwei), 0xbdbdf0b460262f68902fca80e5c5ad5d1da22c95930900fbba5cd16e46e59929
000000018 Ether (18 Gwei), 0xe2bebaa532ef4518da0a80335dcc5487cfd7440574ff49a671baa37fb613643a
000000018 Ether (18 Gwei), 0x50eca9dad292da941c1b2a2bbb37460688ae695eba2cb98bf6143e49882a8e46
000000018 Ether (18 Gwei), 0x404f7d96add1c763087e9e7d2ff2eb783592bceaa53f8c7dafd3f3799344048c
000000018 Ether (18 Gwei), 0x3f1dadfff4ed7cb18aafd371ced40b48f503f1f8daf2c05ad8c46d060117d36f
000000018 Ether (18 Gwei), 0xff8e3f056cf9b14839d88151e765e83747b589d48d1731a9102492f2d50bdbf0
000000018 Ether (18 Gwei), 0xbcef1f9ce384a22e189b7dde21d969e1c0e6cccea7b22f4c58dfd7dbd1666149
000000018 Ether (18 Gwei), 0x56fa790a51719b771bb11d32ba4a2deb4d2d240d4320969ee5e04fd8f4329ccb
000000018 Ether (18 Gwei), 0x8fc7a18605102697fc11d8bf519a102e42b0d8a01fdc7df4fe4ce7f257d246e4
000000018 Ether (18 Gwei), 0x1673e5c46aa64ebaa83a8ea83e68c06bc1d936ac281603d60ea1e53a2f1d1834
000000018 Ether (18 Gwei), 0x7c86f9ce73191ee758c4ea504fefe17508fbf87cacb66e8d6d4f8c809e6bdb86
000000018 Ether (18 Gwei), 0x1a787644049cece30c0d343f4693ff861f6c5676f9bbf78cefbffa7aa9d3c559
000000018 Ether (18 Gwei), 0xdc79c53764f66cb080d72344e8d05447903608957288e968f02fa7c9ebbdb166
000000018 Ether (18 Gwei), 0xd40993f8c648b6bda6e64fe5a9b9abcdb0c6e8e312481a2d2a46dc0463cfa80a
000000018 Ether (18 Gwei), 0x95d9969a0a396c48ef1fdd4d9639289973ff3944a4d30c80dd8b468aabef359f
00000001 Ether (10 Gwei), 0x5d74d67921fd8c73b0ac69a6373e8ca63b6dfedbca31fb630d5aaacc4e169f8f
00000001 Ether (10 Gwei), 0xbe4b9b82332c2ee757882fe4e588338775ad565a4b84b877f729eb65b27c738e
00000001 Ether (10 Gwei), 0xaf4b201bcb64e8ef4c3c48efa72bb720d17bdf1beeb90ad058761f89dc983929
00000001 Ether (10 Gwei), 0xf6d299f913f1b2a3a6e5b18bb02fa9d372e183f2abfdc495bbd4c6ce9bda7e02
00000001 Ether (10 Gwei), 0x585809bbbd749b56646fedeaa32549c1abb0850c9148f6abf5817bf79c4aea74
00000001 Ether (10 Gwei), 0x1f705021a3b6e945cdffb1d54c8184971d8efef72a502ef28351af401e01ec80
00000001 Ether (10 Gwei), 0xfc4c8ccbda435b34c73aa4df40d60c1d98ec60be05fc79bf8a3ec925ae23b8c4
00000001 Ether (10 Gwei), 0xf31be1119ab66adaa35792dc4fb1b747f3d4e7bbd3d5520e9bc7ae7bfe9cb263
00000001 Ether (10 Gwei), 0x98135b3215515af67d28e22cdfe268b2ad253c139f0843b13039bb950f55adc4
00000001 Ether (10 Gwei), 0x0330b3502f9d48f88c14d91d806a800e8794376e252b1a52fda1466723b9b280
00000001 Ether (10 Gwei), 0x494bd7dcfbccbb8ec820d3cd07949d3c58eccba761d649ce318ef11d4bad227f
00000001 Ether (10 Gwei), 0xdc430db5f21af68c57c51b803f8c97565acebab2fb859e6b244315aba5b9abaf
00000001 Ether (10 Gwei), 0xf11bbd26c200ac1ab69701efae785d0f965c04a2bc439bf5eb99710d7ef1e2e7
00000001 Ether (10 Gwei), 0x4720f6efcb31f7975620d04b22537d0c737add63ec5c0032f28aeff6e79ae640
00000001 Ether (10 Gwei), 0x515d55eacba5562fc704e4daa6c65d7b7db95f406e84ed8adc4173ce50ca0f40
00000001 Ether (10 Gwei), 0x999aa4cbac4cc17645ffb933e099cd732180837a506cecd0c70e66462514c7cf
00000001 Ether (10 Gwei), 0x6a7bc50e94a75669f4d1f37cda8422a2f73f73fdfa2eaa0888fd85f00be008b8
00000001 Ether (10 Gwei), 0x1dd21958ae61448cf0b31bc2f96eb8982b91c3d78f84c60441c72a2a26115860
00000001 Ether (10 Gwei), 0xc6be9a4f77fee0fd1b5c02398afd1a9d6ad8495c27481e31de40f625abc83f67
00000001 Ether (10 Gwei), 0x92fe5f1f8269fcae8b6aab448030c4990f2c7cef0df7de0d2c3e7a19b6610ae9
00000001 Ether (10 Gwei), 0x24cbff89d82f59ee8473184d8e7b6db5635ed3c2ed197de96f7619caf6ecc72a
000000001 Ether (1 Gwei), 0xe2c342de06bc1943ade98ecbfcd81cab02c7bccb162cec9a9cc753af913494da
0000001 Ether (100 Gwei), 0xa74ae8870e8013de76239c727b563e3cdd68c51d07c8c9b94ac590fede4599ae
0000001 Ether (100 Gwei), 0x0fc39f50582db3ad1afdcadfc9608b1157da51aedec55881530bf09c96c9dc07
0000001 Ether (100 Gwei), 0x4a34a5219cfab8a0647853beede05d970a1f59e93c08d5afcd32a02aedbb22a4
0000001 Ether (100 Gwei), 0x1da14957228c78ed91516dc95e43bdd2a8ffcbb56ed8592d24a3d89abe26a518
0000001 Ether (100 Gwei), 0xc6694d2796ee21028fbb3affa18d82ec8f506340148df3b53e52af0450a36b14
0000001 Ether (100 Gwei), 0x50e7dfb598c09b982aed68b5f9fee57f1eff04dc02b320a6150c7582d5e37b5b
0000001 Ether (100 Gwei), 0x4f777d867be7d1c040e315858509feb7ce502ff7054dfdea194dc44e3dc58875
0000001 Ether (100 Gwei), 0x4f1469ee92426fadcfe2945ebff3da6a83edc371a7b6e03b1e4d8080d25e76bf
0000001 Ether (100 Gwei), 0xf507914f1e5101d3f240bf2aadc514356301dab3de26a42ed17bd8f94d8c6f64
0000001 Ether (100 Gwei), 0x285b32786daf7c77508b3391cce28023d6a4533a69fda49fc52edbdb53f8f344
0000001 Ether (100 Gwei), 0xc0be870bd76f5670c0710840aa333312d7db5fcb77c8a518137e903f38f5dd71
0000001 Ether (100 Gwei), 0xbbcfce2e7dfe0804ed5cc43e4e27939b6dbc17134485bead068b758d63e2d36a
0000001 Ether (100 Gwei), 0x59708db616a48c7d6dbd9db9462e7cec7c173d9462742cbf28428c7534eae06e
0000001 Ether (100 Gwei), 0x9f7d745069cacb60bb1b2fe3043cee3bffadc2afd9c701ed959dba03f3638a4e
0000001 Ether (100 Gwei), 0x42e9690592c277afe21b036acd35dc9c1d5b084470fd7b0495a02323a72b0d83
0000001 Ether (100 Gwei), 0x650d52e3083d5dc1f22e815fd6b3368503dcd5294662d353c1ee223a0ba23025
0000001 Ether (100 Gwei), 0x8b81a9d0d63ad224e9857d8111c5608e5ec0d70ef6504eaf622b7cd69e063104
0000001 Ether (100 Gwei), 0xc93f8908223b8a8320797388e9c15e0d022eb7e7ead8bdd5e19d4ad8540a2984
0000001 Ether (100 Gwei), 0x1f151d4ea7eb2e4eaed722ce6000f808d3bfa59c5eb40bd0d0bf21c437ed793c
0000001 Ether (100 Gwei), 0xa9ff932648773df6f48feb3f0ad7424b85edfa7c5c433078b635b8f34272a1f5
0000001 Ether (100 Gwei), 0x93f6348333689a2cd85dfb5e4f6abae94871d8090165f44243f0e5c9edfd8220
0000001 Ether (100 Gwei), 0x23325f3de3451b739897ef4443222176b8ddb8229627b31b8e3d9ba87973d844
0000001 Ether (100 Gwei), 0xbced4d60abbb2a332eef9392a95c47846aacc7419f5baf2107e8ec2b5554892b
0000001 Ether (100 Gwei), 0x299267b63964abfed32fc3f634692e2655b397760f6bc0ff679c14327040d3b3
0000001 Ether (100 Gwei), 0x48ad3f1016b161fd4b0c34e15eb85762ca5998764134cd586753e167a2ebc02b
0000001 Ether (100 Gwei), 0x2c4abc8ccc4778ca57b51834082be9f987908be3cea5e075a9b1c64f14a33156
0000001 Ether (100 Gwei), 0xd5dfbd56de600361c8fb666b040fd5d7f3b6d3ccd4b58fbee1d6f11ce15832a5
0000001 Ether (100 Gwei), 0xff628f6513b0407b77eca9daeaa9fd89eb0ac2f138555793c085c2c3d87a2a96
0000001 Ether (100 Gwei), 0xfa9c1d87377486e5b1e1b4208c4e486aeeffdd37e26ff064aeb0438d54a44802
0000001 Ether (100 Gwei), 0x6b7af4e45c3583abdafd1c7d5d67d6853d6c88f2ba2a1c159ab0793ba60600b9
0000001 Ether (100 Gwei), 0xf754fd9f131d30722f26e29edd9c4510a380ce9b035a17a4575d739d9fb17c35
0000001 Ether (100 Gwei), 0x0de6a5d9f11df31ffb543e0e5707efc454895645ecf53c01ec3a793df2b9ec06
0000001 Ether (100 Gwei), 0xeb7220f004943afa4aac8c60f67b5a9d0e76e5a9250846019657139593e66799
0000001 Ether (100 Gwei), 0xfe2fdbbf16718197da7411d213fc339b46bfec5e89877bcf77c564fe5c50d3f2
0000001 Ether (100 Gwei), 0xb9592f7cedc4a8d36c10532a814951a829f0b7ae8ce22ba5d2537a7e11963972
0000001 Ether (100 Gwei), 0x1e714053a80c51719bee2522f7264a3f6940ab1e7f7e1edc59d698ee797cc4f1
0000001 Ether (100 Gwei), 0xa353c8f5ab133338562b74d336352107437339de5b13772100602eacced7b179
0000001 Ether (100 Gwei), 0x721c0b3807b59ca5402d4a5a8581dd359198f6dd92bd6a39876fc0382d263815
0000001 Ether (100 Gwei), 0x47ca08a0fcecd448213c9dba3d5d3732c1aaf60f5c77217ebbbde0edc4aa490c
0000001 Ether (100 Gwei), 0x453fa88b7742e64087b4f7492887bbbe0e8f74a38dc0a71e000f48fafe04d34b
0000001 Ether (100 Gwei), 0x67a8484f67f7068fd73977d06ae03158118cdcb79539db5db520dbfacf821ec5
000000001 Ether (1 Gwei), 0x3f2979340cf1e665fe5dce09c79eebd9f2b50a076e805128c3a24ad4d546eaf9
000000001 Ether (1 Gwei), 0xd46f6c9dd0ee603e043ea8d5875d74009e8f3b6c7e347a82ab700cdda3a68cee
000000001 Ether (1 Gwei), 0x1c25d6cf03055be62caaff3d49612aeed5d766bee971e07468021ade55f1d22a
000000001 Ether (1 Gwei), 0x3e14dded6cb8fdc883432b034fcd08506e7c83895129cf0248a5926d58515ab8
0000001 Ether (100 Gwei), 0xde35a866d6f7fa16f2be5ede14ab7a6db0afb555e17fe1c9ef736c0ed1f7d0ff
0000001 Ether (100 Gwei), 0xf782f50c8e6b891bf6be6ec792c6aa0e8e46057c386cff0db50db70c712f6cb1
0000001 Ether (100 Gwei), 0xbd625079e18ba1d81e71bf26f4e7c2f1e50bf7e34887c1f1277e70b2a0b18c8a
0000001 Ether (100 Gwei), 0xed1d8bd8bd168e39838fc2e47d50ed0a31c07956a97a209caa261882ec715985
0000001 Ether (100 Gwei), 0x1e0c86d72f5b4e96c2b338c04f22dcc658fd533567a21fbe132e437f653c2e7d
0000001 Ether (100 Gwei), 0x32455e4c9e4712985d3524a2d73c60fef6e5308b0ea0f65c62887e6c599e69cd
000000001 Ether (1 Gwei), 0x06ffe1fd97b7dff2218f3d9261d860d4c973041cbc7658bb38befefa776503a3
0000001 Ether (100 Gwei), 0xea8021d7a187980ff39050620fdbb3e7cfeea61f0469610580b925c2c464e96b
0000001 Ether (100 Gwei), 0x0e85ab6e06b5fc2a842461c0b92bbd1d5a84a1409db5a47aff894fee95718a05
0000001 Ether (100 Gwei), 0x30adac79db679c7e3fa0f3e0b6f01e0dd279696ce04207b27c1f538392bf3422
0000001 Ether (100 Gwei), 0x89818f4febdca50becdb89a234fd26a951670fe97d96cc0140107f9729a04dcc
0000001 Ether (100 Gwei), 0x28fab3d8b239d62689dc61329d884335146fb0d30fdea01dd73246d5facf0f18
0000001 Ether (100 Gwei), 0x37f2af0e369a64e29c8e3c8a2a3a70c684d0b3173316adb1d29c64692f090914
0000001 Ether (100 Gwei), 0x13c7bd534664ee49ddcbb0f64679d912a4077bfe6e0648b4b094d577f142812d
0000001 Ether (100 Gwei), 0x7adb5383dad28521926cbf57b49fc59d96bd5588ac5497f9b71c565c6ec5c4e4
0000001 Ether (100 Gwei), 0x103ac07684a72b28c8f7596b31732a86b8c637963ecda37e473b911221ad8766
0000001 Ether (100 Gwei), 0x78ba23ece416b3339de149937c45e408e0b37eae113bc511c2029490b1ce0509
0000001 Ether (100 Gwei), 0xfaa76e022da0a31c547339b6bd3f071eebba56ea4e546c5c2ee1d84bf4342c30
0000001 Ether (100 Gwei), 0x6f1637243f2553886022aa1c6053ffda2822168b70969218cced8393d51f51a9
0000001 Ether (100 Gwei), 0x9c82b50cde72080155e2565b07dc4093fd85f6b2612661364373ffe8d80ae257
0000001 Ether (100 Gwei), 0xbe58fe5b8645c0ab7412fe6f112e4c38ad654a927902a589e8d211e03e3c28a4
0000001 Ether (100 Gwei), 0x386f236ad1d40161deb3b3a5a2e22d70799a36182562453a75a1ebb4f9428630
0000001 Ether (100 Gwei), 0x568b41efc2ad2014401f6f30ea957bdf54aaf4dd423f2ff052bf623a98a503af
0000001 Ether (100 Gwei), 0x228892565a859efe7ac766258a480d2f27364c1f62943cadf8359095896af0a6
0000001 Ether (100 Gwei), 0xeb1eae9084036bcf0a4f167083284a27e97c20e0d464ce2d13387b4be1bcf591
000000001 Ether (1 Gwei), 0x52277a80f6a3436443ab7459df359e1d219fb2819db29b5b460d4929301d8e85
000000001 Ether (1 Gwei), 0xd1a72bf2e57f8cf7c026b93a43d1745bc268cebc84e3f40f0e4feb04d4b48c2f
000000001 Ether (1 Gwei), 0xb4acd1e128f20b9009c76578f235c72ea9bad407f8c23549a8f211592819193d
0000001 Ether (100 Gwei), 0xbbfba0ac3da765f1b1f4ac4b01c592eb47c547327a5d4da5c57db71e2bf6cd77
0000001 Ether (100 Gwei), 0x63f9217c9afb57f1dedb8cebe72a9f5fc5a607461dc2777876bcb8ed77223e8f
0000001 Ether (100 Gwei), 0xfde9ab70747b2b1c606ac517fe8bdc05dfcd10abcfda8d49c21248e65296a384
0000001 Ether (100 Gwei), 0xdab1ac28d4eb8d55146b39b08059a51bb0673dfa86bc6ca8d6ab03fb598d4257
0000001 Ether (100 Gwei), 0x245eb18098e9abf1cc73929de4940777ce6b4f1694af1e846bbdd0bd0edf0818
0000001 Ether (100 Gwei), 0x278f36fa010e12676a3e544a42daa972c395d70dd38a893851b9785f5760a888
0000001 Ether (100 Gwei), 0xeeb15311ce38f3493815ae6a1c5ba9e330a1d4777753c6511f745d2b4c93ad6c
0000001 Ether (100 Gwei), 0x1b8cf5f9d248d89441afd04963be068205651c2db9c82d8b689f2282c6c6ca02
0000001 Ether (100 Gwei), 0xa0b1e2e855d2ab3d335615ad7df52fb8f3609dc99cb7af98ba0d53bce33f933e
0000001 Ether (100 Gwei), 0x3593bdfeb5adde036440bde0a01afd2d105bb7554af324d4f27c2a80909dc347
0000001 Ether (100 Gwei), 0xd17316177743e8eba291ddd7889cf8a661cb27205a547753d71d7673b1f431f7
0000001 Ether (100 Gwei), 0xbf7b40acf2c01e56f39f76d8e5ef148f41c6e02f513b79b4a65ad4c1732219ed
0000001 Ether (100 Gwei), 0x6d81f01995f303226b07e5e0e8bda66dee39e1f35a37026aea937bb14cc921d2
0000001 Ether (100 Gwei), 0x7f4b8f30627a9191bb04e59e74b407b14b49c78bf54e7d5711c64ba53bb414e8
0000001 Ether (100 Gwei), 0x433b0e70c13715545d7f10381e41bd991e4e26d87eea806db85ec1cedfd24bca
0000001 Ether (100 Gwei), 0xfe4e731430f0b307e74250b5fe56baa5ca056f8eeb4877dd7bc367218a1a1947
0000001 Ether (100 Gwei), 0x68b8dc68d9d0b55a2c7acee682203fdc17e6e20fce98b83c60e0e451ac7b0ecf
000000001 Ether (1 Gwei), 0x953938f25f2f625fe618242196cb5074f2a0993803e6de9f17393aaf23308036
000000001 Ether (1 Gwei), 0xd498fb5c2936b346c7915a847ed95d02bca856aa172532412c5aaf4358131d8b
000000001 Ether (1 Gwei), 0x652cce7032a80f39ee432fd177bd022fdd74df0584fc705576fc47a43d603df2
000000002 Ether (2 Gwei), 0xf00d7b62748e3320f4aed330d5c4a3488ebe8437c0da24e696555ac6332d4164
000000001 Ether (1 Gwei), 0x2279dfde97c8dcdc2169b715d2b7ec21f03dace326e44a8c4d6a7ab154a6dcaf
000000001 Ether (1 Gwei), 0x7785d9403f0da7b1fa9cebb84061d5530fac8054d95be23a9c90f34805a18d87
0000001 Ether (100 Gwei), 0xb2cc6133b48529f5a70e72bbaa6114e52d445797f4e12a05b3b297d390a6e6ea
0000001 Ether (100 Gwei), 0xb99b7b3763470eaafa3529bf4c286858660dcedfafce9e3e154b78e97cbfd868
0000001 Ether (100 Gwei), 0x8d03988b5279f16c630236dbf319b3cabd2f8d485d1a420f0547b396e6f2d047
0000001 Ether (100 Gwei), 0x10c574f7844625a7f23025a5dc24742960f21748a0dda1507f38bd3c71bae741
0000001 Ether (100 Gwei), 0x41df3f986990a8ba12607640396c4a05ce7e03a13e640a85818483ae55669f63
0000001 Ether (100 Gwei), 0xf31c5077fae1e8e4a56110f95c00992c8afb0cb3a7886eae19594d020da26a5b
0000001 Ether (100 Gwei), 0xd944a01d3bf498c963275e498cad40cddc01c4fc561484524339f063966f9da4
0000001 Ether (100 Gwei), 0x366c4aa87e792aebdc0a0d57fcd8cc7b86ec7579290fb750c6c93458421e3d0c
0000001 Ether (100 Gwei), 0x70d1718d13a438388529f563e635a634841c168ee629d1c39a31917712503e33
0000001 Ether (100 Gwei), 0x8ee13ff4e19327187a799b3fe9c21521cc8365960339a7e8313ac34fe784bb03
0000001 Ether (100 Gwei), 0x9ba67a5a51023fc572f1bc7d5b3f0b0cdf739668b93fa29099c550b47f593c71
0000001 Ether (100 Gwei), 0x24d7feaf7af27164baba4ad6a49fb1958e8cff1ba755b937fd2400caf29bbc0b
0000001 Ether (100 Gwei), 0xec099769e9c2571b16987500fa0e7e35bf253afa728c4fa550f30e700cee0ffe
0000001 Ether (100 Gwei), 0x5140db39afb09fc11b264b30f690fab21768411bde9951a81583a9bb6f2ffeb7
0000001 Ether (100 Gwei), 0xf086c7e773592ea5a69f776f27e60d29891408d81dd8581f2d2b4f151f1a7509
0000001 Ether (100 Gwei), 0x8a6ab6bb517d4b24f04ee1c86f9f3950a1a0f6a58d55c4313096cec36d50fa1a
0000001 Ether (100 Gwei), 0x82a1722d4f4b66c18b746331e7240333d552636a0224a8bdd5143a1bf4b60c45
0000001 Ether (100 Gwei), 0x8ceabc27615c7c809dd2ddf52296e9f4b165cf762626682f569d417023a298a8
0000001 Ether (100 Gwei), 0xadf3831a7afe2de6750a4967a840c291f0e5030a740bea0f609c79db76ddc264
0000001 Ether (100 Gwei), 0x7c853bb4387fae8f63bd50b8f7fdf043251bbdff8aafb1203c5bf89d6aa7cf7c
0000001 Ether (100 Gwei), 0x6b4fdbbfb666a43157b9e64f023f477722d974b8918f8a25b82efcc35d8a5fea
0000001 Ether (100 Gwei), 0x3d73bfc605c383a528461c3adabd276bc71ffd645d07c9e97c1731834406612d
0000001 Ether (100 Gwei), 0x431c14811ea0cc70a16999e0a8776b951654513b30b72e02e1ac5bda88a4bedc
0000001 Ether (100 Gwei), 0xf8d91197b7adbf69fc6e6bc90e9c754e43618af140558b26e0a0a27b52a028cd
0000001 Ether (100 Gwei), 0x7da608d96ba72cbb3014561e108e1194c2ef1927a3ff1027d96fcc046aa766ab
0000001 Ether (100 Gwei), 0xb98d691064342620e99e0394c9450b01a5fcc5a416d5549cb8bd21dd9a00c3f4
0000001 Ether (100 Gwei), 0x4fe0920d50f016d10e6e8175db0004e2158e5c5952bc7ae093c2579c60243db7
0000001 Ether (100 Gwei), 0x2e03ddd877425401f8277af69c46f5eaafe8eecbf775528680472f8614f664f3
0000001 Ether (100 Gwei), 0x402ec7c161ef59f0ea05e76f8f6f276543b8bcbfe64ca156d8761551198b0f38
0000001 Ether (100 Gwei), 0x5041ef5d0a47dd15f12db8bf22a49f5506767cbcde202ef1fdc11911753acff7
0000001 Ether (100 Gwei), 0x97b7c2f5faa0368ac41f877e55af481002e4321a12990d59b2e59ae37bd4d87b
0000001 Ether (100 Gwei), 0x74eeaa9563682c08aa233aa4ce689bbcbeb789bd7a17264f45e6d9a3603eb34d
0000001 Ether (100 Gwei), 0x21c3ea108cde38ddbb587a78cb379ca83b319fbc6f3e8855388cd610336750ee
0000001 Ether (100 Gwei), 0xfb9acd31e2cf83eaebb0b8078ce7bc5357aabe7192042e9e4c8251ab1730277c
0000001 Ether (100 Gwei), 0x979e92a3c38ae466ff82a7195fd4558ec20233fc98984fab87c893fbe96f53ad
0000001 Ether (100 Gwei), 0xe1fef31d0df72d4c78097d5aba17283ade5725802ceac3c000eb1b4b9aa7def2
0000001 Ether (100 Gwei), 0x83a0a381b5e525bc10c5df55fb3448f30ddb6160ade236f2ced9db7e1f44b63e
0000001 Ether (100 Gwei), 0xc4e73d6cf61c5f39e9db58616f0035e9c87489956d6749b09e116a8e3273e741
0000001 Ether (100 Gwei), 0xa1c5d841f27e7a47ae49afac328490b3d7c510cad7046c8c8113a154897c1076
0000001 Ether (100 Gwei), 0xafd208154ae5ef5682c110c0fdd8e59e7084a74ba5fe3983379714eadc581e94
0000001 Ether (100 Gwei), 0x6da83f653c8b58cafe7c59e69b32df3d52f3f4c980fe881a295b413e9e5bc133
0000001 Ether (100 Gwei), 0x8a2b26f2453d8c57c32a01c19b3145cd980ae4a97fc8fde09c8329a5a6403c81
0000001 Ether (100 Gwei), 0x9c7b2819dd9290d6d382a5d8e49bd5b988e192fe7b49baa708774ae94d490d32
0000001 Ether (100 Gwei), 0x06e29b42843c2a0dc953e53a3e7e8c5ad0a0e9596810fde6c37287ed2792b30c
0000001 Ether (100 Gwei), 0xb8f920044e2a5ccfe33f3540cf7f451336dc27691e3052d4db8ab482b8ef91a6
0000001 Ether (100 Gwei), 0x2b772e5079c02271ef0f103b3f96e80c5d96e02e0609fdf4a30d1ef7a090c13d
0000001 Ether (100 Gwei), 0xf9201faf0bb29f55b3f6d6a10c3acc84542aa0338ca0a4a501f0ddc53b8fdb47
0000001 Ether (100 Gwei), 0x7d92a8f8b48f71aebd1be9c34c7887a31c3b0eb6878af8cb3dab5544b2b93439
0000001 Ether (100 Gwei), 0x2ed099ac9427dbfb32bbe7487dee3efafd2397a97f12493b0e47d108f4070ace
0000001 Ether (100 Gwei), 0x581db6d44b1ca8ea571d18238f175fee9a14ca31cddc80c6387d955fc54709e9
0000001 Ether (100 Gwei), 0xc513aed693ef8ce3cabb11f469d67a1d132cee9283bd3efd616f06cb5319f5d7
0000001 Ether (100 Gwei), 0x4eb94a390c4c6f887b1980260413f681216b17c8e9f3e3e516f20d0509405c36
0000001 Ether (100 Gwei), 0x22012c76bc70616bf1424e2cef6972df31d8499811efa5b00d3002df65434ba5
0000001 Ether (100 Gwei), 0x194ee083a29981c23b9a5553ff67b1ea306d54d0fc7bb882f50dfece3b0b36e2
0000001 Ether (100 Gwei), 0x05849f15c99626bc50fcb0a0e4951bde08d22f5e84492c677e7e639101da04ca
0000001 Ether (100 Gwei), 0x5b3aa4419b972ac779cb9e4819f399414f5f73b82bb1aa52dcc76d766d6609ea
0000001 Ether (100 Gwei), 0x9d8def1c7c252266ce13bc5f5812cfddba83c059c3089f0a7fc1587f0b678d97
0000001 Ether (100 Gwei), 0x7f85f93ad5d15492c57cd359c11b60b1cb13b57a870fdf8a6399dbf38d8b8f6a
0000001 Ether (100 Gwei), 0x7d585067f454e7bfaaf1bd8022473bdc34a62e63f42b4ffa0c7fceb391ea9439
0000001 Ether (100 Gwei), 0xb8b9826417b4bd6ee595cf2d9a66aa0ccb0264487a8717539376548af226a483
0000001 Ether (100 Gwei), 0xa2b8cafb038c3a6e7775e14f834c6677bfc0c8f3c9edaa3987a39959b5b13c8d
0000001 Ether (100 Gwei), 0x28c4b699efc79acd975350d4efc52513fab7d9249ce8b3fd4e19f491700a625f
0000001 Ether (100 Gwei), 0x4a62d1e6c0f3efcc9a85107afff09226698ee777ce741a970f7ef2c10c12f5c7
0000001 Ether (100 Gwei), 0xa42d8f164eab8f01027019dae57a918a7745043468c407be22acde08901fe588
0000001 Ether (100 Gwei), 0x83f95935b36fdfdc23b4c63a89728500b6cf1fad3f83b5b2797a8ea2c3852222
0000001 Ether (100 Gwei), 0xa8d2d931a878a18528d97c1148d6fd91086b2f84d4a044a769b7ad028c925a8d
0000001 Ether (100 Gwei), 0x263152a5c16767ca407329a428f6425a9e0e0312e2ecf923ab65a3cd3fb54e58
0000001 Ether (100 Gwei), 0x19cd755a17820a2f093e73758e913776472a1fe2313d6b8dd150a40a7f82d9c3
0000001 Ether (100 Gwei), 0x1d0b0c774952b142b11f920d04c16cfac69c72fd4c8681a544023e4105b96299
0000001 Ether (100 Gwei), 0x8d3e033b5f41671da04f511673a6ec41e3eae4b1e6f3114d1f0ec87df4dfc012
0000001 Ether (100 Gwei), 0xf1b02de53608d28fd4564f9d53f7e6c462ce76d092aa9a3d31af4f0e716565b3
0000001 Ether (100 Gwei), 0x5304ada2716e8c443cd2d5c9e1380d787b4dc516942cc44858fe6530ad99809c
0000001 Ether (100 Gwei), 0x7b883c3a78f428c709e743c7a5943a2657146c99dbe1ddc54f20e3a574992cca
0000001 Ether (100 Gwei), 0xa6e563046668c0edf586703ad5255094a4484e8b043b5c46b223278c2693964c
0000001 Ether (100 Gwei), 0xe70d96a928d609fc5d8096ab74576feab1d7fcb9f36239e65f22a8ef55971c32
0000001 Ether (100 Gwei), 0x719bf9af5e011ef87ee8324a6ae1e556152d306bde753e78012cb75625454d07
0000001 Ether (100 Gwei), 0x9e39149cdc3ec7dbb70fbd8ab4eed2439596f998fdc01778eb8761e5876fa3a6
0000001 Ether (100 Gwei), 0xc3eede1790a2d1512d94e5e6c8710b97e68047eb3f4c0309c3d9c7ec9ad171f2
0000001 Ether (100 Gwei), 0x475991fc505ed8a6b5e7697fd8d4575e121ea3bb57fd467834a344586149549e
0000001 Ether (100 Gwei), 0xfc7944e857ce4248868c4c292837967456d0ae58154c4fda9b58d0f01ea45e56
0000001 Ether (100 Gwei), 0x7e86ff648c1c0cc437f89d56d4586a75aa1c57624cb7091efaf2c3c3c03f7563
0000001 Ether (100 Gwei), 0x5175600d92769689baa4615acf6292856c629b95b78a6ec4f4721214c3acd500
0000001 Ether (100 Gwei), 0x05beaf3101f08073be94b5cd178bbdef4671048858359287dfb59c5ecff8f8ea
000000001 Ether (1 Gwei), 0x382bcc627697f7aeed68c91fe61d97ab065884d7643a78f3e97058dda48c736c
000000001 Ether (1 Gwei), 0x05a07e9fc7f47169365a1ea0d8112509228d33db546fa3fa5aba1206e0b0c079
0000001 Ether (100 Gwei), 0x5f607a89ab92bb87b22ee09b2c6ccb7fc58620b2139c19a19b2c47232d280b48
0000001 Ether (100 Gwei), 0xbc7115d0c14c1f64e0ebba72adfc4c20bddd7ac11bb28e4c79303256cfe6f454
0000001 Ether (100 Gwei), 0xc4ece2fbf0c3710a9a50a9ab298b8ce40e2687632286db5b98987087900251a4
0000001 Ether (100 Gwei), 0xf2a190d55a37d2c267db01dde7cc01efb55114c04b0325b60950441f30b8beb9
0000001 Ether (100 Gwei), 0xd111edc3ba4998ddd81aa4db64aaa94dbd7fdaf53fd63db09ee22da7269f9198
0000001 Ether (100 Gwei), 0x64705d6ee3906c752078690a948943a4d00ae2e1be1699d7275274c5bbc9f310
0000001 Ether (100 Gwei), 0x03e87c69a574117c38b8a5cfb78a5699c0157a84295f53002c00d9fc5ce486c1
0000001 Ether (100 Gwei), 0x2792ebd7470a769ed7611fa2c54578ab3dbb5fc4550c040b4378eff306db32aa
0000001 Ether (100 Gwei), 0x3455146819f2f861c773c6e675609d8d66d68a6e069692c055ffca7377c0edbd
0000001 Ether (100 Gwei), 0x6a8f6e7b11f1e7f5b3b4dc870f7ac10543fcfca805db958771d23d213856af47
0000001 Ether (100 Gwei), 0xc9c0ae97a24a9b751acbfc3fec92aaee5d40015fc78d485a0241589424a01fb8
0000001 Ether (100 Gwei), 0xef9f10ec9d54a25cab4ad303cc3682d8a30ec19808d87051bbde3b94fa946ceb
0000001 Ether (100 Gwei), 0x152bac701ff247820fd345e4370c264da349bdcdb14b95933e1cfc9bcfc14b11
0000001 Ether (100 Gwei), 0x2e2f0587a8ea916691105150a0f0cd4b243945c77265bdbe880cd9a7947c45b9
0000001 Ether (100 Gwei), 0xc522004a95157ddca5e8d4bec618039e0eef04f891dbbbd0a65d2b37ab6d3289
0000001 Ether (100 Gwei), 0x5daf931791f935d7828c094bf0ce03999fbdb962d201518b62c250b27152d983
0000001 Ether (100 Gwei), 0xcfc17892745a335eebd932eea4a22d6fc84f07067eb8f3caf4f138216c7fef38
0000001 Ether (100 Gwei), 0x305df6a64e229e7b67bc162413f2456d35e843a0196d7e59892c1db45040799f
0000001 Ether (100 Gwei), 0xa2bcd1b11c814fa6518818bfc465f796d8252ae2fe67f5bb174e926d0b4f1381
0000001 Ether (100 Gwei), 0x847a08ed8479a8c2e6e1e6219a1c88dd2a4a0564aa5a7665cae195626963a84f
0000001 Ether (100 Gwei), 0x1a97030481407717943614b44929cae0b824544bfa9c6981ff78847aa8cbb345
0000001 Ether (100 Gwei), 0xa5db4fa54fe89c6e8b6b46d4cc6dc67bae0d06f7448cbfc07aa1c764afa2357a
0000001 Ether (100 Gwei), 0x34fc5505f20ca94be95347e03445ec74dd2b6e1479cc4d0c7b939fdc84651795
0000001 Ether (100 Gwei), 0xb4ad3d6bbc70358138078576c0eb870488328915d22eb4536ac198edede70572
0000001 Ether (100 Gwei), 0x355001afa9e099292c4810f5e99dd7a407b0837e6411813cb20c9d233fc55556
0000001 Ether (100 Gwei), 0x8c115f86c1a28889bce25eea967c6466eed703d440aa572663aff82402101bb2
0000001 Ether (100 Gwei), 0xb1000636e23e0586e0137416b02623e74ed72b13cdd5d0fd1a5a8206d1a1206b
0000001 Ether (100 Gwei), 0xddb0e04d1d62d681db82a584ef8e510c10c59fd893374cd2da6fa3fc402bd500
0000001 Ether (100 Gwei), 0x7ce1cb01e09ac2646c860df69fa17eac3e0b599332974ed86dc891f5122b5c59
0000001 Ether (100 Gwei), 0x448ae0bdc044fac3447e268a9dedeb047c4f337554e3d55f759ac5223407f1ca
0000001 Ether (100 Gwei), 0x698867fb57d308c8712a5e35bb04bb90c73bdb4e554aad866406cda2762ec7bb
0000001 Ether (100 Gwei), 0x711e581ea3aa7598356dd305a1873c01ca9f64e14e6d84a23e42aee72619836c
0000001 Ether (100 Gwei), 0x79bc407d4fb8024b29adc28162c5d195e3c39e132b4df3339d11f2aa14f3d88e
0000001 Ether (100 Gwei), 0xa674a6fcf6e42683db0ee0b7a6647504e6cab9459a31e450573e89c1955e4628
0000001 Ether (100 Gwei), 0x74ad8941995b2b910b3c73451998efb23e8789ee1ee7c76532efd234832132ac
0000001 Ether (100 Gwei), 0xe8f5cc779cfaef28798aaee5ce69fdaeaa3e7e984edad8f66fd30809a5c425d2
0000001 Ether (100 Gwei), 0x1c7b81b367bc7af0cfb94097cec78b9d15fe375f7e29666cc6a439c31d15641a
0000001 Ether (100 Gwei), 0x9fe74a4c5a6c15cfcf80109b39d6fbef12ff986dabb4cafc2f2c7f7dda07e991
0000001 Ether (100 Gwei), 0x12270b8c979440864039ba6eceadfb34c3970f92cbb86efe910a13c234cdb202
0000001 Ether (100 Gwei), 0x7cb4998ec21c202fc18e2987d425c65b338c1ec362f5c709f85ffb3164080250
0000001 Ether (100 Gwei), 0xee7010dba904a556cee557def695bf6551a26ef1ef3db5cde46c7e5a4341517f
0000001 Ether (100 Gwei), 0x41055098abdb018e1f329d794ad0ebe4c37bfdc478b836e92f43803dd7a2e6cd
0000001 Ether (100 Gwei), 0x25dc9b6d5c45ea85cc5a2d02869dfbcb3e5ab9d5143f1d01a028f92ae8191f4c
0000001 Ether (100 Gwei), 0x0f80a15d9953cc9e3cd4cf03f25c0dfb31e882a341bbc2d816cd19d3717770ba
0000001 Ether (100 Gwei), 0x67ad78f8879d7a15d745dd0d3d2b11788e4f0c488df8500576beeda2202176bf
0000001 Ether (100 Gwei), 0xc8c29ac9c64dde13e43f88c3ce1472819d94698592196014a31d9f65fc2a1dff
0000001 Ether (100 Gwei), 0xd09cf9cfeed4c015c74d69de24bed3dac8f7cf8c1054e7a88d43ccff9b4050b2
0000001 Ether (100 Gwei), 0xdd95322ce0fc53b18f844148334031de777392492112ebaa3e9cb5d9cd47e21d
0000001 Ether (100 Gwei), 0x4ed6d1e5ab2a104b1aaef759e11cbeb5d409535e676ca4985d5376e97de10eb2
0000001 Ether (100 Gwei), 0x96e873a51bad12efd4d643a63158b9e2144f2777c3f394722b13a51a65f560d9
0000001 Ether (100 Gwei), 0x05a4f4c8e4cacc2e5a4aa0685173949e0ffa481605ae536f8bdc70f9379101c8
0000001 Ether (100 Gwei), 0xa63c0c98da7a580fa60e9bac2e7ceba979b9fcd6791f6ee7d10a53cb61ea7a75
0000001 Ether (100 Gwei), 0xae06b1035dab712b9b94929a7d01ab788c0048ad63b2911b63833d2d6a3d7c73
0000001 Ether (100 Gwei), 0x739c0350607d522fef52d59d6b1fccb095dfca7f1ecf49f9b03bc671fb594571
0000001 Ether (100 Gwei), 0x165e3b41ada54cfb0b88bce4a54bd264109c74fe4589298216835b993eacc3f4
0000001 Ether (100 Gwei), 0xeb17e30403580741436f5431613f77c630be1344b583913843d88c1358cc7fab
0000001 Ether (100 Gwei), 0x7b684e5c32dcfe50a3fed04295db5b28a0b86e98887105a74cd306092549640e
0000001 Ether (100 Gwei), 0xe8f215eb11968bc496010a870aa045debe5a11cbaa07de1e87c454e0b236446c
0000001 Ether (100 Gwei), 0xdf6ad38a687384046ee176b0b3fdf012f6a6b9317513a0e552bee41a3cd52a3b
0000001 Ether (100 Gwei), 0x3aed3c861a13736754bcba716ec00ddc823379d8b6f68591fbc3c114c40d50a1
0000001 Ether (100 Gwei), 0x40929dd43fe0daa3edc0ccd2a46f3ee22f314ed8899b317eaf3cf9e72fdd51f7
0000001 Ether (100 Gwei), 0xc3ad3d2d9cc7e23a989145efd6ae2711c7c560f057a8c2966f70476da9f5b6ac
0000001 Ether (100 Gwei), 0xcdde4fd7728eae473d44fcfafb66fff1f56ec5bb21fbc24c59e9328dc6eda49a
0000001 Ether (100 Gwei), 0x53ed71c37b8a2a2ece75a10ad7627547902e3dca3fa16171964a608f632e1004
0000001 Ether (100 Gwei), 0xe4e37657b950eafee0064aee2419bdbfe714baded6d21649b0d32edf949512e1
0000001 Ether (100 Gwei), 0x6831858fc8418266a9ff228bdc1c43308c6577b7b77ddae18aaba68f74d2a31b
0000001 Ether (100 Gwei), 0x39eaf4f4301735fe596a14e977b36da39320151a5b22ddde611c85993b43bb2c
0000001 Ether (100 Gwei), 0x3bec6fa8864fcda9ec6fa6b8cb3d141d8d94dafffc9bfa6b1ab00f23250cc5ef
0000001 Ether (100 Gwei), 0xa83dfc4d5b01eba3d463148e07f40941df08a9b0f5a2ecfac7e9eaa9969ba290
0000001 Ether (100 Gwei), 0x56a48873dee422d86e3cce47a301dbaeebfe594336c04470032451f542ceb8f4
0000001 Ether (100 Gwei), 0x2fb6144a48f8182e78f1fde2134fa0e0974462d20a6dca1ccf617de63586b10f
0000001 Ether (100 Gwei), 0xe93046e1471e2beab6cc493391c490174a22ad0a6295da443272da479925e910
0000001 Ether (100 Gwei), 0xe255acab290088fee48568aed977ef3b4b9509ab61ec01ae139b91968cc1e638
0000001 Ether (100 Gwei), 0x98a5ccae7d4695bcc4e102dc506bcb0753ae716159353de412d7c90fc571911f
0000001 Ether (100 Gwei), 0xb295f915eeb9ce2d47fe56782fa5cf3462352d0e9edd9b9a5c7cb19005ff1bdb
0000001 Ether (100 Gwei), 0xf56525a2323623ea08bc63eaea0cc13d0193aaa8aa388ba0361093aa9807d6fd
0000001 Ether (100 Gwei), 0x428b99044ee13081161aba45eed77ca9b996321c57091f5c0e4900dd752b332a
0000001 Ether (100 Gwei), 0xe927abaecc263145ff0625ccc253b06c5a94906c54168838b7eaf51f1a973e6d
0000001 Ether (100 Gwei), 0xc7e6cc6235779e3f9dd55f2e6407955b5fbd0c5546e4d71311ee06dece51eeeb
0000001 Ether (100 Gwei), 0x2ca5bace767a6d429a9a3a14e5003440a6192158cf0e35b498682fe7e47e163b
0000001 Ether (100 Gwei), 0xe6512fa130df314bdfcf6c9e98e9648c0dd1f31cf9d398cbcfe16bea6d93de07
0000001 Ether (100 Gwei), 0x423c58f06c470602f0bb6636cb06f034c62ade9878d1caeb7c4d88bb18fa4e0f
0000001 Ether (100 Gwei), 0x806a73d23c723e190232675d2996b1a0868e504792d7558264c8be6d050b67da
0000001 Ether (100 Gwei), 0x65944e2a7976935f2f10777f9dc4f533b0c2b441ae66031216c243bc15f6d3c7
0000001 Ether (100 Gwei), 0xd2fdd8dd3aaa7088e7b1ea4cf64e1b894a146d98e4ea471fc76a257b32b523b9
0000001 Ether (100 Gwei), 0x788a08b281c2a9f14ec02879bc12539224414cfbe226e2ac1c9ffedab5c3430c
0000001 Ether (100 Gwei), 0x3535b599053af02c4fa43145826fa73a5b646f6f52f655d238e5dbf2135e529a
0000001 Ether (100 Gwei), 0x7c9265252cd84d280eaaaa83728532ebbb68b25b6ffee0a4a1cd98a5e950cd4a
0000001 Ether (100 Gwei), 0xec827bbd4c78744929e33273a2091b418145825197aec127403e799cc9fd13ad
0000001 Ether (100 Gwei), 0x771f6665d196f9eb24614da679a7b2c086ae4b73fda0dffc00c24321a0b01d6d
0000001 Ether (100 Gwei), 0xb7ef01a2fca899c7bcef5c1163381227e9869c05804c24fa06dcaed31258682c
0000001 Ether (100 Gwei), 0x94a0454620ede95793f8f0dcaf4208a7a58fdb34278caf60b2593f19f0edc032
0000001 Ether (100 Gwei), 0x9f3677f74d76307062bcae0c8f2dd5ef0d30e53b53f7b76e8c65f068000d11a6
0000001 Ether (100 Gwei), 0x69a69cce199f5314c6776e7545b15cb6d7490251075820d137fbf49116803497
0000001 Ether (100 Gwei), 0x836a3e1c1d7e7ece702122ac8354c00687bc7b38afed936f6a95cb054b2590f5
0000001 Ether (100 Gwei), 0x99a2be03028b5c54c8697564f0ef2e85b4b588862c9f12e75ea5df9438ddbbae
0000001 Ether (100 Gwei), 0xc950f7e057e72dd89d03228fbb8d778745a3b898e58d665f005c81d9dd094ade
0000001 Ether (100 Gwei), 0xb8ad364cb7f388f1e73a1d6c513a433230cf406ea31d539940f409e30a7dd47e
0000001 Ether (100 Gwei), 0x37b269023df65d97548255575ade1008271917d486fd7e5d99d1b33fa8e310d3
0000001 Ether (100 Gwei), 0xf84662ee169aaa5b89422fde731f1596fb6977e18f99289e228479f038a2255c
0000001 Ether (100 Gwei), 0xa315377f2b6a20e3f50e5c5ff93fe2be373d31ce1864d70693499b613655e93d
0000001 Ether (100 Gwei), 0x9bb2bd227f8f5ed50e6a2cd0344c43fbed4cd3c92524cf7dfab1dceaca7586cf
0000001 Ether (100 Gwei), 0x4dd7e39f48929b6fd15e7afd04870bfcc6f7a38b4694c4546e2b09508d851926
0000001 Ether (100 Gwei), 0xf787c3200f8e8b063409d3e0b749cb16697a1df998162490e7f9a13061b22727
0000001 Ether (100 Gwei), 0x75667f452db6efb339889aab7639841ec2cb18605b27feb44b39de9d19adb40a
0000001 Ether (100 Gwei), 0x53f6d396b3b49426b6f4ca03145387f5fda3d94820bf4c1bf966b814472f131b
0000001 Ether (100 Gwei), 0x1e7a1c10fa78636a9abf4f1c8da01c3767df740ba8d5fc0e6e3cdd34b6a298a0
0000001 Ether (100 Gwei), 0x2cd6ee87a353505a1d45a4dc9525bf5feacdb8cef20c477a0e7f066f170fcf20
0000001 Ether (100 Gwei), 0x7c89e3a3ac3f8e7626c31d6f0a14b84c998e0963031499681f3639367f6a2de0
0000001 Ether (100 Gwei), 0x9124711496fe177e7e01345b992c12977fb0bb2e94a7ba58457a5f886a1c191c
0000001 Ether (100 Gwei), 0x401e3a1558a1144559b6d8d32c48e5f1e9277feb120257ac260d21d71ddb20b3
0000001 Ether (100 Gwei), 0x36330c8f7f1b6edda0ac41a2a7a9f3c37181fbecddf365583ee27de062a0be3e
0000001 Ether (100 Gwei), 0x60b76cc185cab05576c5db5e57378997e1ab344c6077e2db3907007297960f35
0000001 Ether (100 Gwei), 0x9724baf68a03012585f65bf2543991d9f9531d16d1f4d754e7618368f21b9c63
0000001 Ether (100 Gwei), 0x347568be5bff3778ea3445147465b56b5b92cfac4a918be8c9fcef2690f1145e
0000001 Ether (100 Gwei), 0x568d11318dca2b76f3afadc3fa77a9ce10f47bffd2c74f1a45eb0534f8a4b85f
0000001 Ether (100 Gwei), 0x28b75c5eea8ba84ff5513d66b67b0a934b31fd45c58c234649df054c8f1f8e8b
0000001 Ether (100 Gwei), 0xef4e6878bc98d523dc3cca4d05f07285286b9e149ff3b8bff2c91f28c908b9bd
0000001 Ether (100 Gwei), 0x8930a716e532a4e0de0962ed04361cafdd011fc6fb2aca1e56f36558edca33e5
0000001 Ether (100 Gwei), 0xc27249744ae48e09b9ee4e2017abc1f7c6e1904ac33c9652a1e71ab07c5833b8
0000001 Ether (100 Gwei), 0x201cc6dd58de21c49d349927d5f6e5d99cdccae53176b41862b380127af45655
0000001 Ether (100 Gwei), 0x8a6ece8979861591949599391f2b75b1273d23e5f63f5eb1cb5bd255c03f02cb
0000001 Ether (100 Gwei), 0x0174ea27fb7f217ca170d506551c8ccb776c43e8db1d544d29f32c0418e6879e
0000001 Ether (100 Gwei), 0x78ab1d3a66e5d55158db8d3f6f8543d6f92bcf3ceaf06db9b3e3104449ad53ce
0000001 Ether (100 Gwei), 0x293cceee4b08a5b2f237da8ec39a8f11a0bc06c5d5ed092fb28cb505a625ff53
0000001 Ether (100 Gwei), 0xe758667cde50ba8ef6a73aaace65139ae8d6e29bdb920c903f20288a06313417
0000001 Ether (100 Gwei), 0xbed4f63e90c32bc65eb272073f1c55bf4c8af1c8df2d1a56558046f2363a28ec
0000001 Ether (100 Gwei), 0x39150cde9258d607c69ab47b1efb5397cbcba9dedab57520415e4196768868e0
0000001 Ether (100 Gwei), 0x1728b25b1e19350569e126f7cd5382a8298441a900d543600d384e9c688bbdd0
0000001 Ether (100 Gwei), 0x9968ae40fd0af0e5e344667137e716127dce5a83631a81221960d63ceb19e510
0000001 Ether (100 Gwei), 0x18f38bb8d26584bc55784c60ba308b7e024105d386899673be4b3b1cd06174c7
0000001 Ether (100 Gwei), 0x130df53aaf7d1a51e3cfff02534f4d0ba946965139c58040bff178f11d2fb88a
000000001 Ether (1 Gwei), 0xc4986683a7ebda28f00aef041d9efe8cd9d6fcabc65605136375804480407bf5
0000001 Ether (100 Gwei), 0x733623cff1d6390c562daeae9abb69bd5dc4962f7fc5303c87845391cfc37fc8
0000001 Ether (100 Gwei), 0x8922b2eea7eebd4e7621c4668d91c3522df16d02dd5b5385ad0894e4d4bdc5f9
0000001 Ether (100 Gwei), 0xd685bfdb2b41a56577e723956c68eb436e176051da8e761b3c8e84780504b6ab
0000001 Ether (100 Gwei), 0x531b93716499292b888ea5128852fca053cfcccb2cab0241f7a6459c9ea01732
0000001 Ether (100 Gwei), 0xba9070a0208638a25827103ab4c4aedfee6cf4817a698fb46e6a96db77569534
0000001 Ether (100 Gwei), 0x7bc1f25c47ec4ceefe9bd63e7ef37d3aaf8f8798bacba87ee96e6f66db0c5d56
0000001 Ether (100 Gwei), 0x7b53bd63ef289d4668fd2bef1e534123323877eea1de7c1c84b90cafbfeb0fc1
0000001 Ether (100 Gwei), 0xec7c69f127b3fd7d41d84241de63eb9edc7c9faa6fd884a8bb350d3f4e689706
0000001 Ether (100 Gwei), 0xf1ea4bddea1bdeb3b866f4f4d3e540b18cad910188663e0889d7d8d3d129b046
0000001 Ether (100 Gwei), 0xf0742ad7d6fd896876b3212780a6db8f748dba888ad36dd0b0a06be1f59aa94c
0000001 Ether (100 Gwei), 0x61a860a4feead7816970c8da90a4a23d50c43c4481e9c3a05de38ee8be935964
0000001 Ether (100 Gwei), 0x111daf301c97ad3df4db0432675ca88eed6a1dcc04b71de6b2ff1d0713e5530c
000000001 Ether (1 Gwei), 0x7a18ddba2748b8a805bec9fc930563fb84cc5e1b55d07a37e31648915a72c4e3
000000001 Ether (1 Gwei), 0x018beaecce77d041216949627f78d8b8be61c12091f86339cfc529b7812055ad
000000001 Ether (1 Gwei), 0xc5dc06d45ecb50a72dbcced1c985e781f1a48b7b46d984d0809f9af6816f48d1
000000001 Ether (1 Gwei), 0xed060c854a3b2127860b75239719736bb516d9731d9045fd302c287a55492daa
000000001 Ether (1 Gwei), 0x491b42ea926639dd4d682c186d16fe5cc6e1eb91f46a582f2854b06e8dbe37aa
000000001 Ether (1 Gwei), 0xdaef34b8a4ad6d3704e147483167369fc677a7000d7f54f182d7f7092653d79d
000000001 Ether (1 Gwei), 0xa09cf2e8f48ec3eb220df083d31879e71bfb892c4138c6c715bb645110e1e9db
000000005 Ether (5 Gwei), 0xf041a78da35803618233bf760d9081805f1a43431c96b4443c2db63ac1175802
000000005 Ether (5 Gwei), 0x0ba40445a22e85cd22e1045dd3e2e31f53a8cf01b84a1d747d4ce2400f8d11fe
000000005 Ether (5 Gwei), 0x3993e2d93ef3b0361180396e6daf1a4683c66a40bf4cae11677e6cfbe711f582
000000001 Ether (1 Gwei), 0x070620148a9a3d269925afcfa0756e3e10b0b729baa558106d0b2e01719e2670
000000001 Ether (1 Gwei), 0xc618a098fae2ca4a14f41653d12c1994956f6451e72684646615f2fedc4ffbc2
000000001 Ether (1 Gwei), 0x0e375d70fbcc57ab1e994095c03e5f77a3cf6b7828c4764beb1f2c9f2e533e98
000000001 Ether (1 Gwei), 0x6d2134abad5faccecdbe55d366b51afdc36d3c6e8c0b6ba7a204342c76f5e2f0
000000001 Ether (1 Gwei), 0xf59663a8f09d29e31a6a0dba80fcef95210d6716084db5c36a63c950e81ab340
000000001 Ether (1 Gwei), 0xbb75c5708bd103146da27ec2a500c379bb20762c7b487520b12b059705e988b2
